{
  "timestamp": "2025-11-23T15:57:58.937Z",
  "slis": {
    "latency_p95_ms": 16,
    "latency_p99_ms": 18,
    "error_rate": 0.0958,
    "throughput_min": 106,
    "availability": 0.9042
  },
  "slo": {
    "latency_p95_ms": 300,
    "latency_p99_ms": 500,
    "error_rate": 0.05,
    "throughput_min": 50,
    "availability": 0.995
  },
  "breaches": [
    {
      "key": "error_rate",
      "actual": 0.0958,
      "target": 0.05,
      "diff": 0.045799999999999993
    },
    {
      "key": "availability",
      "actual": 0.9042,
      "target": 0.995,
      "diff": -0.09079999999999999
    }
  ]
}